id_participante,ano,nivel_maturidade,tempo_registro,porte,faturamento,n_pessoas,nota_maxima_esperada,nota_observada,nota,transicao
1,2023,1,25,medio,951.28,13,60,51.5,51.5,1
2,2024,2,26,medio,2429.14,14,80,71.3,71.3,1
3,2024,4,33,medio,1539.89,16,100,78.3,78.3,0
4,2023,3,40,pequeno,1024.03,13,95,82.8,82.8,1
5,2022,3,46,medio,845.82,21,95,68.5,68.5,0
6,2022,3,26,pequeno,924.77,10,95,81.9,81.9,1
7,2022,3,53,grande,1358.53,20,95,74.5,74.5,0
8,2024,3,32,medio,1139.77,18,95,75.2,75.2,0
9,2023,1,35,medio,814.92,16,60,37.8,37.8,0
10,2024,2,27,pequeno,1009.47,18,80,72.1,72.1,1
11,2022,1,6,medio,1140.58,15,60,25.1,25.1,0
12,2024,4,46,pequeno,378.28,16,100,93.6,93.6,1
13,2024,4,44,pequeno,1378.96,18,100,96.6,96.6,1
14,2022,1,32,pequeno,671.92,11,60,48.6,48.6,1
15,2022,3,36,medio,616.05,16,95,93.6,93.6,1
16,2022,4,42,pequeno,471.69,10,100,86.8,86.8,1
17,2023,1,17,pequeno,447.22,17,60,51.5,51.5,1
18,2023,2,29,grande,556.84,10,80,58.9,58.9,0
19,2023,4,45,pequeno,769.31,13,100,97.4,97.4,1
20,2022,1,20,medio,2912.1,13,60,39.9,39.9,0
21,2023,3,39,pequeno,843.08,24,95,71.9,71.9,0
22,2022,2,19,pequeno,1198.56,20,80,73.1,73.1,1
23,2022,4,41,medio,1339.75,13,100,87.1,87.1,1
24,2023,4,35,pequeno,1170.91,13,100,81.5,81.5,1
25,2023,4,16,pequeno,1054.98,23,100,86.9,86.9,1
26,2024,2,49,medio,603.26,18,80,66.2,66.2,1
27,2022,4,27,medio,2265.3,29,100,98.4,98.4,1
28,2023,3,26,medio,2707.01,20,95,75.9,75.9,0
29,2023,2,38,pequeno,472.8,18,80,73.2,73.2,1
30,2022,3,49,pequeno,657.2,22,95,64.1,64.1,0
31,2023,1,23,medio,953.46,20,60,34.7,34.7,0
32,2022,2,36,medio,677.04,15,80,57.1,57.1,0
33,2022,1,41,grande,1412.31,15,60,38.6,38.6,0
34,2024,1,44,grande,761.94,23,60,41.0,41.0,0
35,2024,1,38,grande,3237.41,14,60,48.3,48.3,1
36,2024,3,31,pequeno,1988.78,14,95,71.4,71.4,0
37,2023,2,26,pequeno,1219.61,14,80,61.4,61.4,0
38,2022,3,37,medio,1832.6,18,95,74.6,74.6,0
39,2023,1,23,pequeno,1906.36,13,60,28.9,28.9,0
40,2023,2,0,pequeno,827.18,11,80,58.9,58.9,0
41,2022,2,41,grande,729.16,15,80,58.6,58.6,0
42,2023,3,46,grande,1140.33,9,95,73.7,73.7,0
43,2022,2,7,pequeno,1687.19,20,80,60.3,60.3,0
44,2024,3,23,pequeno,1175.6,15,95,75.6,75.6,0
45,2022,4,43,pequeno,498.45,21,100,87.4,87.4,1
46,2023,3,60,grande,734.06,17,95,85.2,85.2,1
47,2023,1,36,grande,1056.81,15,60,26.0,26.0,0
48,2023,1,27,pequeno,1055.92,16,60,31.3,31.3,0
49,2023,4,33,pequeno,2940.31,19,100,100.0,100.0,1
50,2022,1,52,grande,548.4,12,60,27.5,27.5,0
51,2024,4,28,pequeno,1412.05,12,100,81.9,81.9,1
52,2024,2,26,medio,2308.97,17,80,67.3,67.3,1
53,2024,4,30,grande,3414.29,17,100,77.5,77.5,0
54,2024,3,24,pequeno,895.88,14,95,73.1,73.1,0
55,2023,4,37,medio,1402.08,17,100,100.0,100.0,1
56,2024,2,55,pequeno,1458.09,17,80,44.6,44.6,0
57,2022,3,39,pequeno,1209.23,19,95,59.1,59.1,0
58,2022,2,32,grande,1043.75,12,80,45.0,45.0,0
59,2022,2,32,pequeno,1363.74,11,80,69.0,69.0,1
60,2023,3,17,grande,309.17,12,95,84.0,84.0,1
61,2023,4,46,medio,1542.31,20,100,86.9,86.9,1
62,2022,4,35,pequeno,1168.05,17,100,94.1,94.1,1
63,2024,3,33,pequeno,981.19,18,95,86.1,86.1,1
64,2023,2,74,pequeno,3051.63,21,80,77.9,77.9,1
65,2022,2,39,pequeno,782.53,18,80,57.5,57.5,0
66,2023,3,26,pequeno,896.47,25,95,56.6,56.6,0
67,2022,1,30,pequeno,2968.39,17,60,30.1,30.1,0
68,2024,1,49,pequeno,723.41,19,60,34.9,34.9,0
69,2022,2,37,medio,832.92,13,80,57.4,57.4,0
70,2024,2,18,medio,1018.91,22,80,58.1,58.1,0
71,2024,2,47,medio,1669.65,11,80,71.2,71.2,1
72,2022,1,27,pequeno,1216.7,16,60,55.3,55.3,1
73,2022,1,58,pequeno,574.61,11,60,37.9,37.9,0
74,2024,1,48,medio,840.43,13,60,53.2,53.2,1
75,2024,4,30,pequeno,809.42,18,100,92.1,92.1,1
76,2024,2,51,pequeno,1055.1,19,80,60.6,60.6,0
77,2024,2,36,grande,1356.85,15,80,69.1,69.1,1
78,2022,3,46,medio,1351.68,13,95,75.6,75.6,0
79,2023,1,41,medio,451.24,17,60,60.0,60.0,1
80,2022,4,25,pequeno,1866.78,22,100,81.4,81.4,1
81,2024,3,28,medio,1244.25,22,95,70.9,70.9,0
82,2023,1,48,medio,2191.33,18,60,38.5,38.5,0
83,2023,2,31,medio,1369.36,12,80,64.4,64.4,1
84,2022,4,31,medio,1902.0,10,100,97.6,97.6,1
85,2023,4,24,grande,1384.75,10,100,89.9,89.9,1
86,2023,2,41,medio,2149.76,20,80,45.8,45.8,0
87,2024,3,60,pequeno,1423.86,11,95,81.7,81.7,1
88,2023,1,23,medio,1044.24,12,60,49.1,49.1,1
89,2024,4,36,medio,3415.97,12,100,78.3,78.3,0
90,2023,1,52,medio,1710.46,20,60,40.0,40.0,0
91,2022,4,35,pequeno,1460.99,18,100,80.5,80.5,1
92,2024,3,41,pequeno,579.32,18,95,69.7,69.7,0
93,2024,3,23,grande,575.85,17,95,67.8,67.8,0
94,2023,2,41,medio,1269.47,22,80,68.1,68.1,1
95,2024,1,33,grande,1179.4,11,60,41.4,41.4,0
96,2023,1,47,medio,806.69,13,60,24.6,24.6,0
97,2023,1,50,medio,1176.73,22,60,50.6,50.6,1
98,2023,1,67,medio,2426.76,17,60,22.8,22.8,0
99,2022,3,42,grande,1552.62,15,95,77.6,77.6,1
100,2022,2,39,medio,619.86,24,80,51.9,51.9,0
101,2022,1,38,medio,1037.16,21,60,35.6,35.6,0
102,2023,4,31,pequeno,733.27,13,100,93.0,93.0,1
103,2023,4,40,pequeno,903.39,18,100,93.1,93.1,1
104,2023,4,32,medio,891.76,13,100,98.0,98.0,1
105,2024,4,38,pequeno,863.66,17,100,89.5,89.5,1
106,2022,1,51,pequeno,585.48,20,60,43.7,43.7,0
107,2023,2,23,pequeno,1028.83,18,80,55.6,55.6,0
108,2024,3,49,pequeno,828.57,17,95,76.5,76.5,1
109,2022,3,51,pequeno,253.48,13,95,78.5,78.5,1
110,2022,1,34,pequeno,3060.97,13,60,38.8,38.8,0
111,2022,3,10,grande,1890.1,16,95,60.6,60.6,0
112,2022,1,28,medio,908.55,26,60,44.0,44.0,0
113,2024,1,51,pequeno,1107.0,13,60,44.4,44.4,0
114,2024,2,35,pequeno,610.44,13,80,53.2,53.2,0
115,2023,2,24,medio,2560.25,14,80,47.2,47.2,0
116,2024,2,29,pequeno,2831.73,17,80,74.8,74.8,1
117,2024,1,46,grande,1186.01,20,60,45.9,45.9,0
118,2022,4,42,medio,1829.44,9,100,88.6,88.6,1
119,2024,2,33,medio,1197.08,11,80,48.6,48.6,0
120,2023,1,31,pequeno,562.08,23,60,30.1,30.1,0
121,2024,4,31,medio,892.56,21,100,97.8,97.8,1
122,2024,4,24,pequeno,1171.41,18,100,90.8,90.8,1
123,2023,4,55,grande,873.69,12,100,86.7,86.7,1
124,2022,3,32,medio,983.06,18,95,79.1,79.1,1
125,2022,3,50,pequeno,1047.65,14,95,68.5,68.5,0
126,2023,2,54,pequeno,1053.17,20,80,75.0,75.0,1
127,2024,1,47,pequeno,1125.66,20,60,56.2,56.2,1
128,2024,2,30,medio,645.29,21,80,55.3,55.3,0
129,2022,2,40,pequeno,766.24,17,80,53.7,53.7,0
130,2023,2,35,medio,576.92,15,80,33.8,33.8,0
131,2023,3,25,pequeno,1788.1,10,95,63.1,63.1,0
132,2022,2,39,medio,382.67,21,80,46.6,46.6,0
133,2022,1,21,grande,1952.36,12,60,41.6,41.6,0
134,2023,1,50,medio,2193.33,14,60,36.1,36.1,0
135,2024,3,30,medio,942.85,15,95,64.2,64.2,0
136,2023,1,38,pequeno,298.4,11,60,36.6,36.6,0
137,2023,4,39,pequeno,915.38,15,100,93.0,93.0,1
138,2024,2,32,medio,1062.0,19,80,65.3,65.3,1
139,2023,2,43,pequeno,661.63,19,80,41.0,41.0,0
140,2024,2,30,pequeno,847.58,20,80,58.7,58.7,0
141,2024,3,46,pequeno,2356.89,12,95,63.9,63.9,0
142,2022,2,19,pequeno,1529.14,17,80,69.0,69.0,1
143,2023,3,37,pequeno,690.71,15,95,81.3,81.3,1
144,2023,2,59,grande,493.34,21,80,51.0,51.0,0
145,2022,2,23,pequeno,931.22,15,80,52.3,52.3,0
146,2022,4,27,medio,985.62,12,100,87.2,87.2,1
147,2023,3,42,pequeno,1405.43,16,95,57.0,57.0,0
148,2023,3,38,medio,839.11,20,95,77.7,77.7,1
149,2022,4,40,pequeno,1416.22,19,100,88.4,88.4,1
150,2022,4,41,grande,2885.86,16,100,95.8,95.8,1
151,2024,3,43,grande,1648.71,16,95,66.2,66.2,0
152,2022,3,49,pequeno,1070.58,22,95,70.0,70.0,0
153,2022,3,40,grande,1000.67,25,95,62.9,62.9,0
154,2023,3,33,grande,917.51,17,95,67.0,67.0,0
155,2024,3,44,grande,1978.95,11,95,65.5,65.5,0
156,2022,3,58,grande,801.39,10,95,83.0,83.0,1
157,2023,1,34,pequeno,1121.71,15,60,31.6,31.6,0
158,2024,4,24,medio,1125.07,12,100,90.7,90.7,1
159,2022,4,49,pequeno,853.3,15,100,87.7,87.7,1
160,2024,1,34,pequeno,552.12,18,60,24.8,24.8,0
161,2023,3,9,grande,1288.83,16,95,73.7,73.7,0
162,2023,1,46,pequeno,1063.69,13,60,47.2,47.2,0
163,2023,2,29,medio,1408.27,12,80,47.9,47.9,0
164,2023,3,34,grande,839.83,13,95,81.5,81.5,1
165,2022,1,39,grande,2019.11,19,60,29.8,29.8,0
166,2024,3,38,grande,707.41,17,95,71.1,71.1,0
167,2023,3,44,pequeno,2581.23,9,95,79.2,79.2,1
168,2022,2,30,pequeno,457.69,15,80,53.4,53.4,0
169,2022,1,42,pequeno,1362.92,18,60,40.5,40.5,0
170,2023,2,32,pequeno,1390.91,13,80,56.9,56.9,0
171,2023,3,44,pequeno,736.73,15,95,76.0,76.0,1
172,2022,4,43,pequeno,1355.87,27,100,75.7,75.7,0
173,2023,3,24,medio,2079.24,14,95,60.4,60.4,0
174,2022,2,49,medio,361.98,18,80,66.2,66.2,1
175,2023,3,29,pequeno,1410.04,11,95,83.3,83.3,1
176,2022,2,45,medio,315.25,20,80,50.9,50.9,0
177,2023,3,40,pequeno,676.66,14,95,73.0,73.0,0
178,2023,1,58,pequeno,2476.45,15,60,43.5,43.5,0
179,2024,3,33,medio,819.84,15,95,80.5,80.5,1
180,2022,2,31,medio,609.76,16,80,39.7,39.7,0
181,2023,4,35,medio,993.3,22,100,84.7,84.7,1
182,2022,2,32,pequeno,3083.91,23,80,56.7,56.7,0
183,2024,3,45,grande,438.85,20,95,80.6,80.6,1
184,2024,4,16,medio,648.29,7,100,100.0,100.0,1
185,2022,1,23,medio,2318.59,16,60,37.3,37.3,0
186,2023,4,23,medio,2776.24,18,100,81.6,81.6,1
187,2024,3,47,grande,1041.36,26,95,78.2,78.2,1
188,2023,1,56,medio,590.21,11,60,55.9,55.9,1
189,2023,2,34,medio,3127.29,18,80,61.1,61.1,0
190,2022,3,33,grande,2433.83,15,95,67.7,67.7,0
191,2022,1,36,medio,1539.9,9,60,51.5,51.5,1
192,2024,2,49,pequeno,730.55,16,80,66.6,66.6,1
193,2024,2,24,medio,1070.08,16,80,49.7,49.7,0
194,2023,3,38,pequeno,1012.14,18,95,78.1,78.1,1
195,2023,1,47,pequeno,1293.91,21,60,52.0,52.0,1
196,2023,4,42,medio,2265.39,16,100,97.1,97.1,1
197,2024,4,38,grande,1702.25,17,100,89.6,89.6,1
198,2024,4,48,grande,639.9,15,100,87.9,87.9,1
199,2024,3,3,pequeno,2182.55,11,95,84.8,84.8,1
200,2024,1,44,medio,1282.5,16,60,25.5,25.5,0
201,2023,3,28,pequeno,1546.16,15,95,78.5,78.5,1
202,2022,1,14,grande,2283.06,21,60,23.6,23.6,0
203,2022,1,42,grande,629.05,10,60,52.8,52.8,1
204,2024,2,52,medio,1077.16,21,80,57.4,57.4,0
205,2023,2,34,grande,840.73,19,80,72.7,72.7,1
206,2022,3,47,medio,500.73,17,95,78.9,78.9,1
207,2022,3,55,medio,1304.21,20,95,65.2,65.2,0
208,2023,2,51,pequeno,3849.81,18,80,74.2,74.2,1
209,2022,2,55,pequeno,437.01,11,80,75.5,75.5,1
210,2022,4,44,medio,1079.08,17,100,95.3,95.3,1
211,2023,2,36,medio,1510.61,15,80,52.4,52.4,0
212,2023,2,16,pequeno,1166.24,18,80,56.9,56.9,0
213,2023,1,33,grande,1036.32,10,60,41.7,41.7,0
214,2022,3,25,pequeno,572.72,16,95,69.4,69.4,0
215,2024,3,62,medio,1232.0,21,95,88.5,88.5,1
216,2022,1,33,medio,751.16,16,60,41.7,41.7,0
217,2023,1,37,medio,366.88,15,60,7.6,7.6,0
218,2024,3,42,medio,1992.8,16,95,77.7,77.7,1
219,2023,3,36,pequeno,1770.81,13,95,72.2,72.2,0
220,2024,2,56,pequeno,1125.33,16,80,59.3,59.3,0
221,2023,4,28,medio,1229.71,10,100,87.8,87.8,1
222,2023,1,38,medio,1876.49,24,60,49.7,49.7,1
223,2022,2,27,pequeno,1226.81,12,80,71.2,71.2,1
224,2023,4,20,medio,1723.32,14,100,91.7,91.7,1
225,2022,2,28,pequeno,945.07,14,80,56.6,56.6,0
226,2022,3,35,medio,2113.27,17,95,74.7,74.7,0
227,2024,2,30,grande,1287.42,14,80,60.2,60.2,0
228,2023,2,27,pequeno,1208.37,13,80,52.0,52.0,0
229,2024,4,19,pequeno,581.13,19,100,93.5,93.5,1
230,2023,2,35,medio,1265.82,18,80,64.6,64.6,1
231,2024,4,17,medio,723.44,15,100,99.2,99.2,1
232,2023,1,45,medio,797.0,14,60,55.1,55.1,1
233,2023,1,36,grande,729.47,12,60,31.8,31.8,0
234,2023,1,18,grande,643.47,14,60,49.8,49.8,1
235,2022,3,32,grande,3172.85,14,95,67.4,67.4,0
236,2024,2,26,medio,2133.82,11,80,67.0,67.0,1
237,2022,4,39,pequeno,2864.6,16,100,86.9,86.9,1
238,2022,2,52,pequeno,594.99,23,80,49.8,49.8,0
239,2023,4,13,pequeno,1136.41,13,100,91.7,91.7,1
240,2022,1,37,medio,574.35,13,60,7.9,7.9,0
241,2024,4,34,pequeno,774.45,8,100,79.5,79.5,0
242,2024,3,44,grande,692.94,16,95,73.6,73.6,0
243,2024,3,38,medio,2038.14,11,95,75.7,75.7,0
244,2023,3,26,medio,899.54,14,95,72.0,72.0,0
245,2022,3,32,pequeno,1870.93,16,95,62.4,62.4,0
246,2024,3,26,pequeno,1483.35,15,95,68.5,68.5,0
247,2023,1,48,pequeno,3469.69,18,60,44.7,44.7,0
248,2024,1,36,pequeno,523.36,16,60,47.0,47.0,0
249,2024,4,58,pequeno,2058.26,20,100,89.9,89.9,1
250,2024,3,35,medio,1945.4,16,95,84.3,84.3,1
251,2022,3,27,grande,674.05,17,95,78.2,78.2,1
252,2023,2,17,grande,1814.5,7,80,52.5,52.5,0
253,2024,1,14,medio,1297.34,12,60,36.6,36.6,0
254,2023,1,16,pequeno,978.74,19,60,23.2,23.2,0
255,2022,3,39,grande,726.35,11,95,74.1,74.1,0
256,2023,2,42,grande,765.44,13,80,71.1,71.1,1
257,2024,1,17,pequeno,3056.13,13,60,48.2,48.2,1
258,2023,2,46,medio,1097.01,8,80,74.0,74.0,1
259,2023,1,30,pequeno,1621.43,8,60,36.4,36.4,0
260,2022,2,37,grande,738.45,16,80,73.5,73.5,1
261,2023,2,55,grande,742.54,17,80,58.1,58.1,0
262,2024,3,46,pequeno,1883.7,12,95,86.8,86.8,1
263,2022,2,32,grande,558.48,17,80,59.8,59.8,0
264,2023,2,25,medio,891.04,20,80,67.1,67.1,1
265,2024,1,10,grande,1115.45,11,60,57.7,57.7,1
266,2024,1,27,pequeno,1159.43,18,60,37.7,37.7,0
267,2023,2,33,grande,1002.7,18,80,62.2,62.2,0
268,2024,2,24,pequeno,1336.63,13,80,72.9,72.9,1
269,2023,3,34,pequeno,1550.65,12,95,73.9,73.9,0
270,2022,2,36,pequeno,1583.38,18,80,46.8,46.8,0
271,2024,3,33,grande,669.88,23,95,92.1,92.1,1
272,2024,4,28,grande,951.39,13,100,87.2,87.2,1
273,2024,3,38,grande,1992.97,15,95,76.3,76.3,1
274,2024,1,41,grande,1715.27,16,60,53.9,53.9,1
275,2023,2,22,pequeno,552.01,15,80,53.9,53.9,0
276,2023,1,52,pequeno,1307.33,19,60,27.9,27.9,0
277,2024,1,34,pequeno,407.85,11,60,43.0,43.0,0
278,2023,4,36,pequeno,1122.67,14,100,79.2,79.2,0
279,2024,1,44,pequeno,2832.41,12,60,36.5,36.5,0
280,2024,2,38,pequeno,682.7,10,80,62.5,62.5,0
281,2024,3,47,pequeno,722.59,19,95,72.8,72.8,0
282,2023,3,39,pequeno,1606.82,17,95,62.7,62.7,0
283,2023,2,28,pequeno,507.04,14,80,75.9,75.9,1
284,2022,1,40,pequeno,799.21,18,60,41.2,41.2,0
285,2023,2,22,grande,1477.67,23,80,74.3,74.3,1
286,2022,2,37,medio,798.6,16,80,57.4,57.4,0
287,2023,1,35,grande,974.59,19,60,29.4,29.4,0
288,2023,2,33,pequeno,1590.96,12,80,62.7,62.7,0
289,2022,1,34,pequeno,1353.94,19,60,37.4,37.4,0
290,2023,1,13,medio,1253.14,16,60,25.9,25.9,0
291,2022,2,29,pequeno,925.6,14,80,74.7,74.7,1
292,2022,1,37,pequeno,1319.53,15,60,32.5,32.5,0
293,2024,2,37,pequeno,1030.84,17,80,41.6,41.6,0
294,2023,3,23,pequeno,1378.71,20,95,85.6,85.6,1
295,2022,3,51,pequeno,855.37,11,95,71.0,71.0,0
296,2023,1,25,pequeno,1000.96,21,60,32.7,32.7,0
297,2024,1,47,medio,668.49,14,60,18.8,18.8,0
298,2022,1,41,pequeno,1077.6,14,60,60.0,60.0,1
299,2023,3,28,pequeno,731.06,9,95,64.7,64.7,0
300,2022,3,57,grande,628.27,17,95,75.5,75.5,0
301,2022,1,21,pequeno,1248.04,13,60,51.0,51.0,1
302,2023,4,47,pequeno,1219.71,21,100,92.5,92.5,1
303,2023,1,48,grande,1622.04,20,60,39.3,39.3,0
304,2023,2,27,pequeno,883.98,19,80,43.0,43.0,0
305,2024,3,52,pequeno,1344.83,12,95,68.5,68.5,0
306,2024,4,32,pequeno,1444.33,21,100,91.1,91.1,1
307,2023,3,39,pequeno,1369.75,11,95,68.7,68.7,0
308,2023,3,39,medio,725.73,25,95,76.6,76.6,1
309,2024,2,34,grande,1181.67,14,80,66.8,66.8,1
310,2022,3,45,pequeno,1315.63,19,95,82.7,82.7,1
311,2023,1,45,medio,1100.58,20,60,25.3,25.3,0
312,2022,4,15,medio,386.36,16,100,100.0,100.0,1
313,2022,2,51,pequeno,1188.26,15,80,67.7,67.7,1
314,2024,3,16,medio,3315.17,14,95,75.0,75.0,0
315,2024,2,48,pequeno,915.97,16,80,70.9,70.9,1
316,2023,3,49,pequeno,762.01,14,95,93.9,93.9,1
317,2023,2,22,pequeno,1321.7,18,80,45.6,45.6,0
318,2022,3,31,pequeno,1282.02,19,95,73.2,73.2,0
319,2022,1,22,pequeno,1990.95,18,60,11.5,11.5,0
320,2022,1,33,grande,584.68,17,60,42.3,42.3,0
321,2023,1,32,pequeno,1580.81,16,60,44.4,44.4,0
322,2024,1,45,pequeno,1473.23,9,60,39.5,39.5,0
323,2023,4,51,pequeno,1021.4,25,100,86.1,86.1,1
324,2022,1,52,medio,1298.99,16,60,15.4,15.4,0
325,2024,4,29,medio,1834.87,16,100,92.2,92.2,1
326,2024,2,33,medio,1696.22,13,80,74.6,74.6,1
327,2023,1,15,medio,619.24,12,60,32.9,32.9,0
328,2023,3,26,grande,1652.56,15,95,78.5,78.5,1
329,2023,3,47,pequeno,1061.73,13,95,62.5,62.5,0
330,2022,2,55,medio,1137.33,15,80,64.6,64.6,1
331,2023,2,21,grande,1137.51,17,80,56.1,56.1,0
332,2024,3,28,grande,1017.27,16,95,68.9,68.9,0
333,2022,1,35,grande,1989.93,24,60,30.9,30.9,0
334,2022,4,39,pequeno,1051.68,8,100,87.6,87.6,1
335,2022,4,26,pequeno,626.55,13,100,92.3,92.3,1
336,2022,3,41,pequeno,900.76,15,95,64.5,64.5,0
337,2024,1,30,medio,1199.12,14,60,35.2,35.2,0
338,2024,3,35,pequeno,2027.6,16,95,74.7,74.7,0
339,2023,1,42,pequeno,1482.59,18,60,26.8,26.8,0
340,2022,1,36,grande,716.75,23,60,60.0,60.0,1
341,2023,2,30,pequeno,3799.39,12,80,51.5,51.5,0
342,2023,2,34,grande,1251.86,17,80,53.3,53.3,0
343,2022,4,34,pequeno,2074.96,15,100,84.1,84.1,1
344,2023,3,31,pequeno,1016.52,17,95,89.4,89.4,1
345,2023,3,32,pequeno,1431.79,13,95,79.4,79.4,1
346,2023,2,55,medio,1668.59,10,80,50.6,50.6,0
347,2023,2,42,pequeno,2016.46,19,80,71.1,71.1,1
348,2022,2,32,pequeno,1860.66,16,80,62.0,62.0,0
349,2023,4,44,grande,1696.12,15,100,91.5,91.5,1
350,2023,1,31,pequeno,936.79,14,60,35.9,35.9,0
351,2023,4,50,medio,823.96,7,100,85.5,85.5,1
352,2024,2,40,medio,1295.05,21,80,63.4,63.4,0
353,2023,2,34,pequeno,1748.59,12,80,54.5,54.5,0
354,2022,3,41,medio,981.07,15,95,89.5,89.5,1
355,2022,2,17,pequeno,1867.93,19,80,47.3,47.3,0
356,2023,4,22,medio,2267.22,8,100,99.2,99.2,1
357,2022,4,21,pequeno,693.56,15,100,89.3,89.3,1
358,2023,2,37,medio,721.65,24,80,63.0,63.0,0
359,2024,2,56,pequeno,1022.3,13,80,68.3,68.3,1
360,2023,2,62,medio,1278.96,21,80,53.7,53.7,0
361,2023,4,43,pequeno,843.63,19,100,95.2,95.2,1
362,2023,1,42,pequeno,2156.2,17,60,7.5,7.5,0
363,2023,3,14,pequeno,1355.65,11,95,69.2,69.2,0
364,2023,3,29,pequeno,1118.48,13,95,67.6,67.6,0
365,2024,3,26,grande,534.88,19,95,65.0,65.0,0
366,2023,1,28,pequeno,567.98,17,60,37.4,37.4,0
367,2024,3,33,grande,1262.07,27,95,78.1,78.1,1
368,2024,4,30,grande,377.55,15,100,94.2,94.2,1
369,2022,1,12,medio,1819.5,22,60,42.9,42.9,0
370,2022,1,44,pequeno,1013.25,17,60,32.0,32.0,0
371,2022,4,23,pequeno,5549.96,13,100,92.2,92.2,1
372,2022,1,38,medio,3477.11,24,60,41.5,41.5,0
373,2022,4,60,pequeno,1001.52,20,100,95.6,95.6,1
374,2023,2,24,pequeno,1039.85,16,80,67.8,67.8,1
375,2022,1,5,medio,1804.05,23,60,40.4,40.4,0
376,2023,4,32,grande,2569.81,18,100,84.6,84.6,1
377,2024,2,49,medio,483.47,16,80,53.5,53.5,0
378,2022,2,59,pequeno,448.91,16,80,54.5,54.5,0
379,2024,2,21,medio,803.5,17,80,56.8,56.8,0
380,2022,2,41,pequeno,1467.58,17,80,62.7,62.7,0
381,2022,1,30,pequeno,1405.91,12,60,48.6,48.6,1
382,2023,2,34,grande,1872.23,25,80,59.5,59.5,0
383,2023,4,67,pequeno,601.94,15,100,90.1,90.1,1
384,2024,2,17,pequeno,344.44,17,80,61.4,61.4,0
385,2024,3,39,pequeno,1684.13,15,95,70.9,70.9,0
386,2024,2,41,grande,724.8,27,80,50.7,50.7,0
387,2022,3,49,medio,399.72,14,95,61.0,61.0,0
388,2022,1,37,medio,1179.13,12,60,31.7,31.7,0
389,2024,4,39,medio,1630.41,16,100,92.8,92.8,1
390,2024,2,31,pequeno,1031.71,16,80,53.0,53.0,0
391,2024,1,39,pequeno,872.25,12,60,37.1,37.1,0
392,2023,1,31,pequeno,1012.64,20,60,45.6,45.6,0
393,2023,1,43,pequeno,911.15,14,60,46.2,46.2,0
394,2024,2,31,pequeno,558.9,23,80,49.2,49.2,0
395,2023,2,40,grande,767.13,9,80,70.0,70.0,1
396,2024,3,35,pequeno,1423.17,15,95,84.0,84.0,1
397,2024,2,49,pequeno,1287.99,12,80,48.7,48.7,0
398,2023,1,35,pequeno,1192.77,27,60,30.1,30.1,0
399,2024,3,14,pequeno,666.76,16,95,84.5,84.5,1
400,2024,3,51,grande,1001.49,17,95,73.8,73.8,0
401,2022,1,25,pequeno,369.25,11,60,13.4,13.4,0
402,2024,1,28,pequeno,1198.99,14,60,23.2,23.2,0
403,2023,1,28,medio,2240.44,17,60,37.0,37.0,0
404,2024,3,52,pequeno,524.76,19,95,65.7,65.7,0
405,2023,3,10,pequeno,818.14,14,95,71.7,71.7,0
406,2024,2,73,pequeno,1292.78,13,80,60.3,60.3,0
407,2023,3,48,medio,2051.69,12,95,86.7,86.7,1
408,2022,3,38,grande,876.46,11,95,72.7,72.7,0
409,2024,2,35,medio,775.78,18,80,70.7,70.7,1
410,2022,4,39,pequeno,409.75,15,100,98.6,98.6,1
411,2023,1,42,grande,1154.84,17,60,57.2,57.2,1
412,2024,1,43,pequeno,3044.34,23,60,43.4,43.4,0
413,2024,2,42,pequeno,1259.76,14,80,40.4,40.4,0
414,2023,1,37,pequeno,1084.49,19,60,45.5,45.5,0
415,2023,2,33,pequeno,1288.25,18,80,70.5,70.5,1
416,2023,4,34,medio,1090.57,16,100,89.5,89.5,1
417,2022,1,33,medio,730.33,12,60,60.0,60.0,1
418,2023,1,49,grande,1655.14,15,60,50.3,50.3,1
419,2023,2,43,medio,1227.68,15,80,65.7,65.7,1
420,2024,4,0,medio,1106.33,19,100,96.5,96.5,1
421,2024,2,43,pequeno,673.38,10,80,63.3,63.3,0
422,2024,2,38,pequeno,2104.33,23,80,35.1,35.1,0
423,2022,1,35,medio,1528.97,16,60,34.0,34.0,0
424,2023,1,31,pequeno,831.76,14,60,54.4,54.4,1
425,2022,4,49,grande,1809.69,16,100,85.2,85.2,1
426,2023,4,47,pequeno,855.1,11,100,88.7,88.7,1
427,2023,1,26,pequeno,741.74,23,60,27.5,27.5,0
428,2024,4,40,pequeno,750.06,13,100,100.0,100.0,1
429,2023,3,24,pequeno,452.35,10,95,88.5,88.5,1
430,2022,4,19,pequeno,1388.21,12,100,84.7,84.7,1
431,2022,2,28,medio,438.97,16,80,61.5,61.5,0
432,2024,2,46,pequeno,593.35,10,80,53.2,53.2,0
433,2023,2,47,medio,388.47,16,80,66.1,66.1,1
434,2022,3,42,pequeno,1050.44,20,95,79.1,79.1,1
435,2022,1,44,pequeno,1017.23,20,60,49.7,49.7,1
436,2024,1,42,pequeno,931.37,17,60,44.0,44.0,0
437,2022,2,28,grande,651.13,15,80,80.0,80.0,1
438,2024,3,41,pequeno,610.26,18,95,66.8,66.8,0
439,2024,1,45,medio,1383.24,18,60,19.5,19.5,0
440,2022,3,45,pequeno,832.74,22,95,71.9,71.9,0
441,2022,4,50,medio,1284.57,9,100,80.6,80.6,1
442,2024,1,44,pequeno,704.42,16,60,22.1,22.1,0
443,2023,3,40,medio,1200.55,13,95,67.0,67.0,0
444,2023,2,48,medio,2104.09,10,80,50.8,50.8,0
445,2024,4,35,grande,1470.1,14,100,84.3,84.3,1
446,2024,1,25,pequeno,892.29,13,60,46.2,46.2,0
447,2024,3,34,pequeno,1247.13,13,95,71.0,71.0,0
448,2024,3,27,pequeno,972.3,11,95,73.6,73.6,0
449,2023,4,27,grande,1100.96,17,100,95.4,95.4,1
450,2022,3,34,medio,931.87,14,95,68.9,68.9,0
451,2024,2,26,medio,1010.13,14,80,57.4,57.4,0
452,2023,3,32,pequeno,1219.32,11,95,77.9,77.9,1
453,2023,4,13,pequeno,667.35,14,100,78.4,78.4,0
454,2024,2,38,pequeno,659.88,13,80,36.2,36.2,0
455,2022,1,36,grande,547.7,11,60,44.2,44.2,0
456,2023,4,26,medio,492.68,18,100,93.0,93.0,1
457,2022,3,43,grande,596.67,17,95,91.5,91.5,1
458,2023,3,47,pequeno,1187.65,18,95,76.3,76.3,1
459,2022,1,16,medio,701.77,21,60,49.8,49.8,1
460,2022,3,26,medio,1417.72,18,95,73.4,73.4,0
461,2022,2,26,pequeno,1115.83,14,80,63.0,63.0,0
462,2023,3,24,grande,409.83,16,95,88.3,88.3,1
463,2024,1,45,grande,1521.55,20,60,14.5,14.5,0
464,2023,3,33,grande,1644.84,18,95,78.3,78.3,1
465,2024,4,32,medio,667.19,17,100,100.0,100.0,1
466,2023,1,11,pequeno,1353.02,18,60,43.4,43.4,0
467,2022,4,43,pequeno,714.62,20,100,99.9,99.9,1
468,2024,2,21,grande,1151.52,17,80,53.7,53.7,0
469,2022,4,36,pequeno,582.75,14,100,89.8,89.8,1
470,2024,3,39,medio,447.4,15,95,75.3,75.3,0
471,2022,2,52,medio,905.59,23,80,37.8,37.8,0
472,2024,3,20,medio,1030.85,10,95,65.7,65.7,0
473,2022,4,0,grande,898.89,18,100,83.4,83.4,1
474,2024,2,38,pequeno,606.67,21,80,68.2,68.2,1
475,2023,2,57,pequeno,897.89,10,80,68.7,68.7,1
476,2024,3,50,pequeno,1254.69,13,95,77.6,77.6,1
477,2022,3,38,pequeno,1072.29,19,95,81.6,81.6,1
478,2023,3,30,pequeno,1201.41,20,95,73.7,73.7,0
479,2024,3,45,pequeno,784.42,17,95,84.6,84.6,1
480,2023,2,24,grande,1970.14,14,80,60.1,60.1,0
481,2023,3,41,grande,609.06,15,95,75.5,75.5,0
482,2023,1,42,pequeno,1399.37,23,60,36.8,36.8,0
483,2023,2,48,pequeno,1980.18,11,80,66.8,66.8,1
484,2023,1,69,grande,1394.73,24,60,34.9,34.9,0
485,2023,2,40,pequeno,991.02,12,80,69.8,69.8,1
486,2024,2,29,pequeno,842.06,17,80,48.7,48.7,0
487,2022,2,35,pequeno,1840.96,18,80,49.0,49.0,0
488,2022,3,14,medio,538.35,13,95,80.5,80.5,1
489,2024,2,27,pequeno,675.15,14,80,59.1,59.1,0
490,2024,2,31,grande,898.94,20,80,55.5,55.5,0
491,2023,1,29,pequeno,2036.17,13,60,50.7,50.7,1
492,2023,2,37,medio,1325.95,11,80,53.9,53.9,0
493,2022,1,26,pequeno,675.85,21,60,37.6,37.6,0
494,2022,1,49,pequeno,939.03,18,60,56.8,56.8,1
495,2023,3,36,medio,806.61,15,95,87.3,87.3,1
496,2023,3,35,medio,769.01,19,95,87.6,87.6,1
497,2023,3,32,medio,1789.06,14,95,72.7,72.7,0
498,2022,2,37,medio,552.32,16,80,72.3,72.3,1
499,2024,2,45,grande,2451.34,21,80,50.5,50.5,0
500,2024,4,25,grande,1659.24,20,100,84.6,84.6,1
501,2023,2,28,medio,1892.08,15,80,36.5,36.5,0
502,2023,2,32,pequeno,870.03,16,80,76.7,76.7,1
503,2023,1,19,pequeno,1017.42,26,60,29.6,29.6,0
504,2024,2,26,pequeno,535.62,10,80,58.7,58.7,0
505,2023,2,30,medio,843.59,8,80,50.9,50.9,0
506,2022,2,46,pequeno,1403.64,12,80,67.0,67.0,1
507,2024,2,39,pequeno,2096.51,15,80,56.2,56.2,0
508,2024,2,38,grande,630.44,19,80,47.0,47.0,0
509,2024,3,46,grande,913.47,14,95,78.5,78.5,1
510,2024,3,34,grande,1016.73,19,95,63.5,63.5,0
511,2023,3,40,pequeno,545.72,16,95,68.3,68.3,0
512,2023,3,34,medio,1473.91,13,95,58.1,58.1,0
513,2024,4,39,pequeno,763.57,16,100,81.5,81.5,1
514,2024,1,29,pequeno,994.56,12,60,42.1,42.1,0
515,2022,1,6,pequeno,874.83,18,60,16.4,16.4,0
516,2022,1,34,pequeno,739.02,23,60,22.2,22.2,0
517,2023,3,53,pequeno,1092.78,16,95,75.0,75.0,0
518,2024,4,47,grande,984.56,22,100,86.7,86.7,1
519,2024,1,47,pequeno,910.57,14,60,60.0,60.0,1
520,2022,4,50,medio,761.86,22,100,100.0,100.0,1
521,2023,1,37,medio,1286.61,11,60,29.6,29.6,0
522,2023,4,38,pequeno,2506.92,22,100,93.3,93.3,1
523,2024,2,28,pequeno,1176.08,15,80,67.5,67.5,1
524,2024,1,32,pequeno,1804.54,17,60,32.8,32.8,0
525,2024,2,43,medio,547.24,22,80,45.0,45.0,0
526,2023,2,50,pequeno,1186.64,17,80,59.9,59.9,0
527,2023,2,34,pequeno,633.54,22,80,58.3,58.3,0
528,2022,2,30,pequeno,524.02,25,80,55.6,55.6,0
529,2022,3,36,medio,757.72,16,95,78.5,78.5,1
530,2024,2,43,grande,1990.12,15,80,52.5,52.5,0
531,2024,2,18,pequeno,1763.42,16,80,48.5,48.5,0
532,2024,3,8,medio,1238.31,17,95,75.9,75.9,0
533,2024,3,29,medio,509.61,21,95,78.1,78.1,1
534,2023,2,21,grande,994.12,12,80,48.2,48.2,0
535,2024,2,29,grande,1275.19,19,80,69.3,69.3,1
536,2024,1,34,medio,1197.23,19,60,18.8,18.8,0
537,2024,1,30,medio,436.2,14,60,33.1,33.1,0
538,2022,3,53,grande,702.64,12,95,72.9,72.9,0
539,2023,1,39,pequeno,1062.06,11,60,32.4,32.4,0
540,2022,2,39,pequeno,1433.89,15,80,54.3,54.3,0
541,2024,3,43,pequeno,365.74,23,95,90.0,90.0,1
542,2023,1,22,grande,1011.25,16,60,29.8,29.8,0
543,2022,2,48,grande,1177.94,20,80,80.0,80.0,1
544,2023,2,35,pequeno,1677.07,14,80,64.4,64.4,1
545,2023,4,44,medio,1550.65,13,100,90.6,90.6,1
546,2023,2,23,pequeno,1467.46,13,80,64.8,64.8,1
547,2022,3,17,pequeno,735.12,13,95,95.0,95.0,1
548,2023,2,45,grande,422.42,21,80,50.1,50.1,0
549,2023,1,40,pequeno,900.97,12,60,26.6,26.6,0
550,2024,3,25,pequeno,1809.52,13,95,69.0,69.0,0
551,2023,4,25,medio,2201.13,15,100,90.2,90.2,1
552,2024,3,49,medio,1564.43,17,95,61.2,61.2,0
553,2023,3,21,pequeno,1359.23,23,95,75.2,75.2,0
554,2023,4,55,medio,1325.86,12,100,100.0,100.0,1
555,2024,1,25,medio,830.43,17,60,41.8,41.8,0
556,2023,1,43,pequeno,1027.59,15,60,36.5,36.5,0
557,2022,3,32,pequeno,2526.36,18,95,70.1,70.1,0
558,2022,2,43,medio,684.52,14,80,69.0,69.0,1
559,2024,3,29,pequeno,2458.7,15,95,68.4,68.4,0
560,2023,4,34,grande,933.54,24,100,100.0,100.0,1
561,2024,2,36,grande,2127.53,14,80,79.3,79.3,1
562,2022,1,23,grande,542.72,16,60,43.1,43.1,0
563,2022,3,44,pequeno,1469.9,18,95,74.9,74.9,0
564,2022,2,29,grande,758.71,17,80,70.3,70.3,1
565,2023,3,33,pequeno,540.43,11,95,83.8,83.8,1
566,2023,2,24,pequeno,1223.25,21,80,51.9,51.9,0
567,2023,3,5,pequeno,1816.63,19,95,70.8,70.8,0
568,2023,1,33,pequeno,718.76,15,60,24.1,24.1,0
569,2024,3,64,medio,518.27,20,95,78.3,78.3,1
570,2023,2,45,pequeno,1047.41,16,80,66.7,66.7,1
571,2023,2,35,pequeno,1049.72,16,80,46.5,46.5,0
572,2024,1,32,medio,1442.54,25,60,34.5,34.5,0
573,2023,3,36,pequeno,1763.04,13,95,64.2,64.2,0
574,2023,4,42,medio,1064.53,21,100,84.6,84.6,1
575,2024,1,21,pequeno,2773.18,18,60,46.6,46.6,0
576,2024,1,49,grande,1226.74,12,60,31.2,31.2,0
577,2022,1,44,grande,922.22,8,60,36.4,36.4,0
578,2024,3,44,pequeno,489.91,16,95,62.0,62.0,0
579,2023,3,41,pequeno,961.67,19,95,76.5,76.5,1
580,2022,2,36,pequeno,926.86,12,80,59.6,59.6,0
581,2023,1,44,grande,1772.51,23,60,31.3,31.3,0
582,2024,2,43,pequeno,1381.94,21,80,58.1,58.1,0
583,2023,2,31,pequeno,608.09,15,80,61.8,61.8,0
584,2023,2,29,pequeno,1195.27,11,80,51.9,51.9,0
585,2023,4,37,pequeno,1534.2,24,100,81.1,81.1,1
586,2022,1,54,pequeno,2354.34,13,60,60.0,60.0,1
587,2022,3,21,grande,1709.15,23,95,69.9,69.9,0
588,2022,2,18,pequeno,1604.27,14,80,59.0,59.0,0
589,2022,2,37,pequeno,1130.08,6,80,70.1,70.1,1
590,2022,3,36,grande,1331.63,20,95,95.0,95.0,1
591,2022,3,38,grande,2048.27,14,95,65.0,65.0,0
592,2023,4,38,pequeno,563.19,16,100,92.7,92.7,1
593,2022,1,33,pequeno,920.83,13,60,31.5,31.5,0
594,2023,1,53,pequeno,745.25,13,60,33.5,33.5,0
595,2024,3,16,grande,1325.54,13,95,69.2,69.2,0
596,2023,2,26,pequeno,2028.62,16,80,48.7,48.7,0
597,2023,2,34,grande,813.64,13,80,59.6,59.6,0
598,2022,1,16,medio,331.9,14,60,22.3,22.3,0
599,2022,1,33,medio,892.38,17,60,51.4,51.4,1
600,2022,4,55,pequeno,1731.49,17,100,90.3,90.3,1
601,2022,1,36,pequeno,1434.85,15,60,45.1,45.1,0
602,2022,2,38,pequeno,1358.44,18,80,55.3,55.3,0
603,2022,1,20,pequeno,953.37,17,60,35.6,35.6,0
604,2022,2,28,medio,578.53,15,80,62.9,62.9,0
605,2022,1,31,grande,1418.91,13,60,26.0,26.0,0
606,2023,2,32,medio,722.6,16,80,56.4,56.4,0
607,2022,1,51,medio,3268.38,20,60,29.7,29.7,0
608,2023,3,42,pequeno,1458.63,18,95,67.9,67.9,0
609,2023,1,22,pequeno,820.3,23,60,14.7,14.7,0
610,2023,2,38,pequeno,807.79,19,80,73.4,73.4,1
611,2022,4,41,medio,1046.84,12,100,85.9,85.9,1
612,2024,3,49,grande,972.87,21,95,84.3,84.3,1
613,2023,2,54,medio,1916.81,23,80,70.7,70.7,1
614,2022,2,23,pequeno,1203.76,16,80,47.1,47.1,0
615,2024,2,26,pequeno,760.66,20,80,49.1,49.1,0
616,2024,3,20,medio,2822.05,24,95,95.0,95.0,1
617,2022,4,33,pequeno,1124.01,18,100,100.0,100.0,1
618,2022,3,41,grande,1610.69,11,95,74.7,74.7,0
619,2024,2,47,grande,809.07,11,80,62.6,62.6,0
620,2024,3,35,medio,1314.96,14,95,70.0,70.0,0
621,2022,2,32,pequeno,1281.2,17,80,64.3,64.3,1
622,2022,1,37,pequeno,426.31,16,60,31.4,31.4,0
623,2023,2,25,pequeno,3003.81,17,80,39.7,39.7,0
624,2023,4,61,pequeno,2090.84,17,100,82.1,82.1,1
625,2023,1,16,pequeno,899.11,14,60,40.3,40.3,0
626,2023,3,38,medio,631.98,15,95,66.0,66.0,0
627,2023,1,60,medio,1304.77,18,60,39.2,39.2,0
628,2024,2,36,pequeno,1145.22,18,80,49.3,49.3,0
629,2022,1,33,pequeno,1310.07,14,60,30.6,30.6,0
630,2022,2,31,pequeno,1206.87,18,80,68.5,68.5,1
631,2024,3,33,pequeno,1412.51,14,95,77.0,77.0,1
632,2024,2,52,grande,2261.2,20,80,59.9,59.9,0
633,2023,3,9,pequeno,1456.88,13,95,82.0,82.0,1
634,2023,3,54,pequeno,648.83,13,95,78.8,78.8,1
635,2022,4,18,pequeno,2167.4,21,100,98.7,98.7,1
636,2023,1,32,grande,2490.67,15,60,34.5,34.5,0
637,2023,2,30,medio,5303.0,16,80,55.7,55.7,0
638,2022,1,43,pequeno,625.31,20,60,24.4,24.4,0
639,2022,4,16,medio,1238.23,18,100,87.4,87.4,1
640,2023,4,41,medio,387.2,22,100,95.8,95.8,1
641,2022,2,60,grande,1446.03,16,80,73.0,73.0,1
642,2023,3,19,pequeno,833.72,15,95,82.7,82.7,1
643,2022,2,38,grande,2869.01,9,80,42.1,42.1,0
644,2023,3,28,grande,744.48,14,95,83.7,83.7,1
645,2022,1,41,grande,471.26,13,60,17.9,17.9,0
646,2024,3,36,medio,866.42,18,95,82.2,82.2,1
647,2023,1,28,medio,408.4,16,60,35.6,35.6,0
648,2023,3,41,pequeno,1596.47,21,95,80.6,80.6,1
649,2024,3,57,medio,390.51,18,95,64.3,64.3,0
650,2023,3,33,medio,1112.35,24,95,84.4,84.4,1
651,2022,1,44,medio,388.03,19,60,22.4,22.4,0
652,2023,2,20,pequeno,934.35,23,80,53.3,53.3,0
653,2023,2,24,medio,2494.11,19,80,50.0,50.0,0
654,2024,2,41,grande,1313.33,15,80,42.5,42.5,0
655,2023,1,53,pequeno,712.12,19,60,41.1,41.1,0
656,2022,4,40,grande,1079.66,13,100,100.0,100.0,1
657,2022,2,32,medio,1106.56,16,80,80.0,80.0,1
658,2023,2,35,grande,1388.97,14,80,61.0,61.0,0
659,2023,2,20,pequeno,553.67,19,80,71.2,71.2,1
660,2023,2,43,pequeno,1474.81,17,80,62.3,62.3,0
661,2023,3,46,grande,283.67,18,95,79.0,79.0,1
662,2024,2,30,pequeno,800.36,21,80,56.6,56.6,0
663,2023,4,30,grande,859.08,13,100,91.2,91.2,1
664,2022,2,39,pequeno,1505.17,16,80,65.4,65.4,1
665,2022,4,30,medio,1109.11,14,100,86.5,86.5,1
666,2022,4,35,pequeno,543.06,10,100,89.5,89.5,1
667,2022,1,61,medio,670.15,12,60,39.3,39.3,0
668,2022,4,33,pequeno,1211.17,13,100,95.0,95.0,1
669,2022,1,31,pequeno,1054.13,19,60,27.2,27.2,0
670,2022,3,28,pequeno,820.93,13,95,74.6,74.6,0
671,2022,2,44,pequeno,862.28,17,80,79.1,79.1,1
672,2024,4,33,grande,1553.22,16,100,97.0,97.0,1
673,2022,4,28,grande,846.54,17,100,98.1,98.1,1
674,2023,3,51,pequeno,1049.38,16,95,75.2,75.2,0
675,2023,3,53,medio,3245.32,20,95,77.6,77.6,1
676,2024,2,28,pequeno,538.16,11,80,70.0,70.0,1
677,2022,1,13,medio,434.45,14,60,58.7,58.7,1
678,2023,2,48,grande,1622.62,16,80,40.5,40.5,0
679,2024,1,27,grande,781.08,23,60,24.2,24.2,0
680,2024,3,45,pequeno,935.31,13,95,85.5,85.5,1
681,2024,2,12,medio,742.05,15,80,57.2,57.2,0
682,2022,4,46,pequeno,963.04,15,100,86.0,86.0,1
683,2022,3,21,grande,2438.82,13,95,65.0,65.0,0
684,2023,3,44,pequeno,1637.73,11,95,70.6,70.6,0
685,2024,1,36,medio,1687.68,17,60,23.2,23.2,0
686,2023,4,24,medio,540.17,24,100,100.0,100.0,1
687,2023,4,31,medio,616.72,11,100,89.9,89.9,1
688,2022,2,44,pequeno,265.19,21,80,59.4,59.4,0
689,2024,3,37,grande,731.66,24,95,79.7,79.7,1
690,2022,3,43,pequeno,1769.32,14,95,82.7,82.7,1
691,2023,1,59,medio,1420.09,17,60,51.4,51.4,1
692,2023,2,17,pequeno,981.66,18,80,70.7,70.7,1
693,2023,2,55,pequeno,1084.47,11,80,53.7,53.7,0
694,2022,1,37,medio,777.09,13,60,36.4,36.4,0
695,2022,2,25,pequeno,1214.85,14,80,67.7,67.7,1
696,2023,1,20,pequeno,1608.31,7,60,33.7,33.7,0
697,2022,1,33,pequeno,488.85,19,60,39.9,39.9,0
698,2023,1,47,pequeno,1273.88,13,60,44.8,44.8,0
699,2022,4,34,medio,1747.98,18,100,94.7,94.7,1
700,2023,2,54,grande,891.09,20,80,42.2,42.2,0
701,2023,4,18,pequeno,1556.74,12,100,94.3,94.3,1
702,2022,2,35,pequeno,4479.77,16,80,57.7,57.7,0
703,2023,2,20,pequeno,1040.89,18,80,67.1,67.1,1
704,2022,2,40,pequeno,1334.96,15,80,67.8,67.8,1
705,2022,2,46,medio,758.22,14,80,76.1,76.1,1
706,2024,1,30,medio,1200.66,19,60,56.2,56.2,1
707,2023,3,4,pequeno,1380.41,17,95,85.8,85.8,1
708,2024,1,38,pequeno,1208.85,11,60,57.3,57.3,1
709,2022,3,41,pequeno,658.62,12,95,77.3,77.3,1
710,2023,3,40,grande,1215.83,16,95,75.3,75.3,0
711,2024,1,50,grande,2278.1,24,60,50.5,50.5,1
712,2023,1,23,pequeno,1372.4,19,60,48.8,48.8,1
713,2023,3,44,pequeno,1774.0,10,95,72.5,72.5,0
714,2023,2,50,grande,974.08,11,80,64.0,64.0,1
715,2023,1,14,grande,1595.51,14,60,39.6,39.6,0
716,2024,4,39,pequeno,1260.97,11,100,84.9,84.9,1
717,2024,1,29,pequeno,681.67,20,60,55.5,55.5,1
718,2024,3,35,pequeno,1285.96,20,95,75.4,75.4,0
719,2022,4,40,medio,667.91,14,100,100.0,100.0,1
720,2024,1,30,pequeno,799.16,13,60,20.5,20.5,0
721,2024,1,27,pequeno,1205.52,16,60,33.3,33.3,0
722,2022,1,36,medio,1272.35,9,60,40.4,40.4,0
723,2022,2,22,pequeno,605.09,12,80,71.4,71.4,1
724,2024,1,22,medio,1857.51,12,60,44.8,44.8,0
725,2023,3,44,pequeno,1459.72,24,95,77.5,77.5,1
726,2024,1,22,pequeno,770.96,14,60,26.5,26.5,0
727,2022,2,43,medio,508.37,7,80,48.4,48.4,0
728,2024,4,41,pequeno,1019.99,18,100,91.9,91.9,1
729,2022,3,15,grande,877.46,24,95,64.1,64.1,0
730,2022,3,27,medio,1160.46,18,95,70.7,70.7,0
731,2022,2,50,pequeno,914.56,16,80,65.0,65.0,1
732,2024,3,24,medio,401.93,15,95,67.1,67.1,0
733,2023,2,30,pequeno,903.09,14,80,76.1,76.1,1
734,2023,2,41,grande,941.23,16,80,72.2,72.2,1
735,2023,1,45,pequeno,1505.42,12,60,21.1,21.1,0
736,2024,4,32,medio,773.48,18,100,84.4,84.4,1
737,2023,2,28,pequeno,2538.52,16,80,37.1,37.1,0
738,2024,1,53,pequeno,421.65,16,60,30.6,30.6,0
739,2023,2,56,grande,2112.41,16,80,67.7,67.7,1
740,2023,2,47,grande,980.28,18,80,55.9,55.9,0
741,2023,3,37,pequeno,1685.46,10,95,78.7,78.7,1
742,2023,3,26,pequeno,1141.27,11,95,62.8,62.8,0
743,2024,3,26,grande,1938.71,16,95,81.4,81.4,1
744,2023,1,42,grande,903.54,17,60,33.3,33.3,0
745,2022,2,41,pequeno,633.14,15,80,60.1,60.1,0
746,2024,2,52,pequeno,2231.1,18,80,59.1,59.1,0
747,2023,1,43,pequeno,1036.14,13,60,24.7,24.7,0
748,2023,2,17,grande,1225.1,18,80,48.5,48.5,0
749,2024,3,48,pequeno,2033.22,20,95,82.7,82.7,1
750,2023,1,24,pequeno,654.6,13,60,44.8,44.8,0
751,2022,2,31,medio,1476.97,18,80,70.5,70.5,1
752,2024,1,39,pequeno,816.52,9,60,43.9,43.9,0
753,2023,1,59,pequeno,1026.51,17,60,41.7,41.7,0
754,2023,1,73,pequeno,1136.99,14,60,19.3,19.3,0
755,2022,4,43,pequeno,517.96,12,100,88.4,88.4,1
756,2024,3,33,pequeno,742.91,15,95,74.8,74.8,0
757,2023,4,42,medio,2154.98,13,100,100.0,100.0,1
758,2023,2,46,pequeno,1708.03,16,80,66.9,66.9,1
759,2024,1,32,medio,1062.82,14,60,58.4,58.4,1
760,2024,2,57,grande,1238.38,12,80,66.0,66.0,1
761,2022,2,38,medio,946.6,15,80,52.9,52.9,0
762,2023,3,41,pequeno,2160.93,16,95,75.9,75.9,0
763,2022,1,43,pequeno,992.1,10,60,42.8,42.8,0
764,2024,2,41,pequeno,1231.42,18,80,50.6,50.6,0
765,2022,1,46,pequeno,1945.0,13,60,35.4,35.4,0
766,2023,2,28,pequeno,743.46,12,80,57.9,57.9,0
767,2024,3,29,medio,2390.83,12,95,87.8,87.8,1
768,2024,2,22,pequeno,510.18,13,80,39.2,39.2,0
769,2023,2,41,pequeno,2477.04,18,80,72.1,72.1,1
770,2024,2,45,pequeno,910.2,11,80,50.6,50.6,0
771,2022,2,41,medio,971.31,14,80,46.3,46.3,0
772,2024,3,56,pequeno,426.24,17,95,84.4,84.4,1
773,2022,4,35,medio,873.58,18,100,94.4,94.4,1
774,2023,4,44,pequeno,652.03,16,100,97.5,97.5,1
775,2024,3,22,grande,809.31,13,95,81.4,81.4,1
776,2022,2,31,grande,1023.87,17,80,80.0,80.0,1
777,2022,3,44,pequeno,1770.28,12,95,79.5,79.5,1
778,2024,2,46,pequeno,1216.58,16,80,58.4,58.4,0
779,2024,2,32,pequeno,1279.01,22,80,63.4,63.4,0
780,2023,3,35,pequeno,634.12,14,95,84.9,84.9,1
781,2023,1,17,medio,706.01,20,60,30.6,30.6,0
782,2023,4,31,grande,2695.56,17,100,86.1,86.1,1
783,2022,2,46,medio,759.3,20,80,56.9,56.9,0
784,2023,3,42,grande,2510.17,21,95,58.2,58.2,0
785,2022,3,42,pequeno,971.14,15,95,76.1,76.1,1
786,2024,4,36,pequeno,1097.89,18,100,78.7,78.7,0
787,2023,3,36,medio,1872.79,21,95,75.4,75.4,0
788,2023,3,28,pequeno,2071.33,14,95,81.9,81.9,1
789,2023,1,44,medio,1037.53,15,60,34.3,34.3,0
790,2024,2,41,pequeno,903.14,15,80,76.8,76.8,1
791,2022,1,41,pequeno,1066.4,17,60,22.5,22.5,0
792,2023,3,29,grande,1298.52,10,95,84.5,84.5,1
793,2023,2,10,pequeno,1712.4,14,80,66.8,66.8,1
794,2023,3,49,grande,1098.95,21,95,61.3,61.3,0
795,2022,1,30,grande,1494.34,12,60,60.0,60.0,1
796,2024,1,25,medio,2487.86,16,60,39.2,39.2,0
797,2024,3,44,medio,1326.97,11,95,68.0,68.0,0
798,2023,1,31,medio,1281.55,15,60,23.1,23.1,0
799,2023,1,48,grande,513.14,17,60,37.4,37.4,0
800,2024,1,43,pequeno,294.31,13,60,38.5,38.5,0
801,2024,4,44,pequeno,1331.67,20,100,90.6,90.6,1
802,2022,3,19,medio,1045.85,14,95,72.6,72.6,0
803,2023,2,50,pequeno,847.77,17,80,66.3,66.3,1
804,2023,2,39,pequeno,1238.63,14,80,56.1,56.1,0
805,2023,2,31,pequeno,1064.01,17,80,40.7,40.7,0
806,2024,3,37,medio,1927.33,18,95,73.8,73.8,0
807,2024,3,14,grande,1144.88,9,95,56.1,56.1,0
808,2024,1,40,pequeno,754.86,12,60,44.2,44.2,0
809,2023,1,23,grande,1799.17,20,60,28.2,28.2,0
810,2022,1,19,medio,983.81,20,60,42.0,42.0,0
811,2024,3,17,grande,1426.91,15,95,85.5,85.5,1
812,2024,3,49,medio,863.76,12,95,67.4,67.4,0
813,2022,2,28,medio,792.42,12,80,70.6,70.6,1
814,2024,1,54,pequeno,1143.77,19,60,34.8,34.8,0
815,2024,1,29,grande,1103.69,20,60,60.0,60.0,1
816,2023,4,15,pequeno,1393.97,24,100,87.8,87.8,1
817,2023,2,22,grande,958.79,18,80,51.6,51.6,0
818,2023,3,50,grande,437.83,17,95,80.5,80.5,1
819,2022,3,34,pequeno,883.25,12,95,71.5,71.5,0
820,2023,2,29,pequeno,1630.94,16,80,51.6,51.6,0
821,2024,1,37,medio,945.12,19,60,34.3,34.3,0
822,2022,1,42,pequeno,969.53,16,60,39.5,39.5,0
823,2023,3,49,grande,1795.77,23,95,85.7,85.7,1
824,2023,3,53,pequeno,768.17,20,95,59.5,59.5,0
825,2023,3,31,pequeno,507.04,14,95,75.2,75.2,0
826,2024,2,20,grande,1012.0,11,80,66.2,66.2,1
827,2023,1,31,medio,860.84,17,60,42.3,42.3,0
828,2023,4,39,grande,676.46,22,100,97.9,97.9,1
829,2024,3,24,pequeno,1004.57,18,95,74.4,74.4,0
830,2023,2,24,medio,1402.14,16,80,58.2,58.2,0
831,2022,4,40,medio,1091.55,15,100,93.6,93.6,1
832,2023,3,35,medio,1278.56,16,95,75.8,75.8,0
833,2022,2,36,medio,2715.43,12,80,56.1,56.1,0
834,2022,3,26,medio,923.86,12,95,79.1,79.1,1
835,2023,3,33,pequeno,1260.39,18,95,69.8,69.8,0
836,2023,3,24,pequeno,850.13,14,95,70.1,70.1,0
837,2024,1,46,medio,718.25,12,60,33.7,33.7,0
838,2023,2,48,pequeno,818.56,14,80,73.5,73.5,1
839,2023,4,13,medio,863.18,14,100,70.7,70.7,0
840,2023,1,24,pequeno,1312.56,22,60,44.7,44.7,0
841,2022,2,18,medio,3549.41,13,80,60.3,60.3,0
842,2023,2,28,medio,766.61,14,80,43.2,43.2,0
843,2022,2,34,pequeno,890.41,21,80,63.1,63.1,0
844,2024,3,18,pequeno,1062.56,11,95,78.8,78.8,1
845,2022,4,24,pequeno,1336.62,16,100,93.5,93.5,1
846,2023,1,23,medio,1251.1,22,60,8.2,8.2,0
847,2022,1,38,grande,2084.01,16,60,56.4,56.4,1
848,2024,1,36,pequeno,325.97,18,60,31.1,31.1,0
849,2023,4,27,medio,332.47,14,100,94.1,94.1,1
850,2023,3,38,pequeno,855.82,8,95,80.9,80.9,1
851,2022,2,29,pequeno,1898.18,15,80,51.2,51.2,0
852,2024,3,32,grande,501.29,15,95,80.3,80.3,1
853,2022,4,56,pequeno,243.76,11,100,87.7,87.7,1
854,2024,3,52,pequeno,1459.12,16,95,58.4,58.4,0
855,2022,4,20,pequeno,1238.71,14,100,97.0,97.0,1
856,2022,2,45,pequeno,635.81,9,80,52.2,52.2,0
857,2022,3,45,pequeno,669.97,19,95,68.2,68.2,0
858,2023,2,22,pequeno,675.28,19,80,56.0,56.0,0
859,2023,3,45,medio,1158.95,16,95,77.2,77.2,1
860,2022,3,54,pequeno,801.79,19,95,74.5,74.5,0
861,2024,3,22,medio,1403.93,14,95,79.4,79.4,1
862,2023,3,24,pequeno,263.14,18,95,64.3,64.3,0
863,2023,1,48,pequeno,714.49,21,60,31.1,31.1,0
864,2023,2,39,medio,624.51,19,80,58.8,58.8,0
865,2023,4,42,grande,964.71,21,100,100.0,100.0,1
866,2023,4,40,pequeno,837.96,16,100,89.3,89.3,1
867,2022,1,40,grande,1634.22,9,60,53.0,53.0,1
868,2022,1,20,medio,432.82,24,60,40.5,40.5,0
869,2024,1,48,medio,1121.86,17,60,34.2,34.2,0
870,2024,3,50,medio,1449.78,10,95,73.0,73.0,0
871,2023,3,33,pequeno,2774.77,19,95,73.7,73.7,0
872,2022,1,35,pequeno,861.88,14,60,47.2,47.2,0
873,2023,2,17,medio,1289.78,13,80,73.7,73.7,1
874,2023,3,42,pequeno,445.0,23,95,77.9,77.9,1
875,2022,3,42,grande,331.63,15,95,84.5,84.5,1
876,2022,2,35,pequeno,1673.02,14,80,50.4,50.4,0
877,2024,2,49,pequeno,1093.59,18,80,55.9,55.9,0
878,2023,2,31,medio,1976.84,7,80,52.8,52.8,0
879,2022,2,42,pequeno,551.86,17,80,63.1,63.1,0
880,2022,2,23,medio,1422.19,16,80,56.4,56.4,0
881,2022,3,35,medio,2791.71,13,95,80.8,80.8,1
882,2023,4,33,grande,1352.69,22,100,84.4,84.4,1
883,2022,3,38,medio,1259.27,10,95,75.3,75.3,0
884,2022,3,31,medio,1101.33,23,95,80.5,80.5,1
885,2024,1,34,medio,499.98,16,60,15.2,15.2,0
886,2022,2,45,grande,2159.83,10,80,80.0,80.0,1
887,2023,1,30,pequeno,808.01,22,60,36.6,36.6,0
888,2022,1,16,pequeno,1411.26,18,60,15.7,15.7,0
889,2022,3,56,pequeno,501.94,17,95,76.3,76.3,1
890,2022,4,52,pequeno,608.06,19,100,90.2,90.2,1
891,2024,1,20,medio,2247.43,16,60,39.0,39.0,0
892,2024,2,44,medio,921.82,12,80,69.9,69.9,1
893,2024,3,29,medio,2267.96,14,95,81.0,81.0,1
894,2023,1,39,pequeno,1054.57,11,60,43.6,43.6,0
895,2023,2,39,medio,436.61,11,80,64.5,64.5,1
896,2022,3,33,pequeno,1713.06,13,95,74.2,74.2,0
897,2022,3,26,medio,816.52,13,95,89.2,89.2,1
898,2024,1,27,medio,1555.18,22,60,22.2,22.2,0
899,2022,2,25,pequeno,1110.54,17,80,61.4,61.4,0
900,2022,3,26,pequeno,506.96,15,95,75.5,75.5,0
901,2022,2,35,pequeno,1190.52,18,80,68.1,68.1,1
902,2022,1,27,grande,3288.25,13,60,29.9,29.9,0
903,2022,3,44,grande,1403.18,10,95,61.1,61.1,0
904,2023,1,53,medio,1065.54,16,60,41.9,41.9,0
905,2023,3,29,pequeno,1877.45,13,95,77.2,77.2,1
906,2024,1,38,pequeno,1218.45,14,60,57.9,57.9,1
907,2024,4,41,medio,1217.76,14,100,82.4,82.4,1
908,2023,2,41,medio,635.36,22,80,71.5,71.5,1
909,2022,2,36,pequeno,1232.65,15,80,80.0,80.0,1
910,2023,1,44,pequeno,1840.37,21,60,35.5,35.5,0
911,2023,2,41,medio,721.96,24,80,47.1,47.1,0
912,2022,4,21,pequeno,2235.56,14,100,87.6,87.6,1
913,2023,4,46,pequeno,1047.48,17,100,90.1,90.1,1
914,2023,2,46,pequeno,703.53,15,80,65.6,65.6,1
915,2023,2,26,medio,1805.9,19,80,54.1,54.1,0
916,2023,3,36,grande,950.13,23,95,87.4,87.4,1
917,2022,4,44,grande,1603.2,13,100,83.3,83.3,1
918,2024,2,33,medio,947.78,6,80,42.6,42.6,0
919,2024,2,48,medio,1064.32,10,80,71.1,71.1,1
920,2022,2,64,pequeno,1403.58,13,80,37.3,37.3,0
921,2024,3,26,medio,1268.32,12,95,73.4,73.4,0
922,2023,1,19,pequeno,404.33,10,60,60.0,60.0,1
923,2024,3,39,medio,626.02,13,95,74.9,74.9,0
924,2024,2,44,pequeno,1745.34,22,80,48.8,48.8,0
925,2023,3,33,pequeno,1026.52,14,95,74.5,74.5,0
926,2022,1,53,pequeno,843.98,15,60,39.4,39.4,0
927,2022,2,19,pequeno,555.97,15,80,61.6,61.6,0
928,2023,2,44,pequeno,639.15,24,80,66.6,66.6,1
929,2023,3,28,pequeno,399.06,17,95,66.7,66.7,0
930,2022,1,56,grande,1042.48,12,60,60.0,60.0,1
931,2022,2,59,pequeno,813.04,11,80,62.5,62.5,0
932,2024,2,26,medio,676.35,17,80,67.3,67.3,1
933,2024,2,29,grande,1059.91,15,80,53.7,53.7,0
934,2023,3,46,grande,1315.52,17,95,85.3,85.3,1
935,2022,3,31,medio,3123.15,9,95,72.9,72.9,0
936,2022,3,35,grande,514.94,20,95,77.2,77.2,1
937,2022,2,36,pequeno,1958.02,20,80,50.7,50.7,0
938,2024,3,12,pequeno,1783.89,11,95,67.0,67.0,0
939,2022,2,35,pequeno,742.82,14,80,66.9,66.9,1
940,2023,1,27,medio,1213.93,20,60,34.7,34.7,0
941,2022,1,30,medio,872.34,16,60,29.8,29.8,0
942,2023,2,53,pequeno,1203.33,15,80,53.6,53.6,0
943,2023,3,20,pequeno,2332.2,11,95,80.6,80.6,1
944,2024,3,45,medio,1484.46,8,95,70.0,70.0,0
945,2022,3,32,pequeno,1414.18,12,95,74.1,74.1,0
946,2022,2,32,medio,884.34,14,80,60.2,60.2,0
947,2022,2,45,medio,522.16,20,80,40.8,40.8,0
948,2024,1,40,medio,988.08,16,60,22.3,22.3,0
949,2024,2,42,medio,2004.81,18,80,63.4,63.4,0
950,2023,2,47,grande,511.02,18,80,52.6,52.6,0
951,2023,1,32,pequeno,647.07,8,60,52.7,52.7,1
952,2023,1,28,medio,1168.1,12,60,51.6,51.6,1
953,2022,2,22,medio,670.26,14,80,67.2,67.2,1
954,2024,3,26,pequeno,737.85,11,95,89.6,89.6,1
955,2023,4,71,pequeno,887.32,20,100,89.5,89.5,1
956,2023,4,50,pequeno,554.01,16,100,93.9,93.9,1
957,2023,3,19,pequeno,673.8,18,95,70.3,70.3,0
958,2022,2,20,medio,1558.87,13,80,80.0,80.0,1
959,2022,3,41,grande,570.39,17,95,90.9,90.9,1
960,2024,3,42,pequeno,493.27,13,95,75.1,75.1,0
961,2022,1,42,pequeno,800.3,11,60,44.6,44.6,0
962,2023,2,32,grande,1581.26,15,80,73.6,73.6,1
963,2022,3,34,pequeno,993.8,21,95,73.8,73.8,0
964,2023,2,39,pequeno,869.32,16,80,53.4,53.4,0
965,2022,2,37,medio,1121.23,18,80,68.7,68.7,1
966,2023,2,9,medio,458.13,10,80,60.8,60.8,0
967,2024,1,33,pequeno,1404.38,18,60,42.2,42.2,0
968,2022,2,25,pequeno,1328.38,12,80,51.7,51.7,0
969,2023,2,38,pequeno,893.68,24,80,42.8,42.8,0
970,2023,1,71,medio,1813.41,19,60,42.8,42.8,0
971,2023,1,40,medio,624.06,17,60,50.9,50.9,1
972,2024,3,32,pequeno,1927.45,13,95,73.2,73.2,0
973,2024,2,47,medio,1184.7,16,80,74.4,74.4,1
974,2022,2,41,grande,926.79,14,80,53.0,53.0,0
975,2022,2,41,pequeno,1085.79,14,80,49.5,49.5,0
976,2022,4,43,pequeno,1039.37,22,100,89.6,89.6,1
977,2023,2,60,medio,2018.56,15,80,59.2,59.2,0
978,2022,2,22,pequeno,640.12,17,80,67.7,67.7,1
979,2023,4,41,pequeno,749.0,23,100,85.4,85.4,1
980,2023,3,24,medio,1841.16,25,95,85.9,85.9,1
981,2023,1,42,grande,814.22,17,60,60.0,60.0,1
982,2024,3,24,grande,1720.32,22,95,74.7,74.7,0
983,2022,2,30,medio,2565.01,18,80,72.5,72.5,1
984,2022,2,32,medio,897.04,11,80,49.4,49.4,0
985,2024,1,47,pequeno,1541.76,21,60,52.9,52.9,1
986,2023,1,47,medio,615.94,11,60,52.6,52.6,1
987,2023,3,21,pequeno,1599.37,17,95,81.9,81.9,1
988,2023,2,36,pequeno,1211.62,13,80,59.8,59.8,0
989,2022,2,27,medio,1389.25,15,80,30.5,30.5,0
990,2024,3,20,medio,794.1,16,95,69.9,69.9,0
991,2024,3,33,pequeno,477.93,19,95,70.0,70.0,0
992,2023,1,32,grande,1410.4,12,60,28.3,28.3,0
993,2022,3,65,pequeno,390.84,18,95,76.0,76.0,1
994,2023,1,41,pequeno,935.73,15,60,35.0,35.0,0
995,2023,3,19,pequeno,1755.64,20,95,68.4,68.4,0
996,2022,3,29,medio,1207.07,18,95,66.5,66.5,0
997,2024,4,48,medio,2904.95,13,100,85.7,85.7,1
998,2022,1,61,pequeno,1830.88,10,60,53.5,53.5,1
999,2024,1,16,medio,790.8,12,60,32.1,32.1,0
1000,2023,2,13,pequeno,1111.71,22,80,54.9,54.9,0
